codigo_projeto,nome_projeto,gestor_id,gestor_nome,email_gestor,area
PRJ-0001,Projeto Re-Contextualize Intuitive Metrics,G002,yago borges,bandrade@example.org,Tecnologia da Informação
PRJ-0002,Projeto Whiteboard Frictionless Users,G004,  Ísis Leão  ,manuelapastor@example.com,Financeiro
PRJ-0003,Projeto Drive Interactive Communities,G002,Yago Borges,bandrade@example.org,Tecnologia da Informação
PRJ-0004,Projeto Target Enterprise Niches,G009,joão vitor barros,guilhermegarcia@example.com,Operações
PRJ-0005,Projeto Re-Contextualize Magnetic Methodologies,G001,BRENDA ALVES,samuel32@example.net,Comercial
PRJ-0006,Projeto Harness Leading-Edge E-Services,G004,Ísis Leão,manuelapastor@example.com,Financeiro
PRJ-0007,Projeto Transition Robust Vortals,G001,Brenda Alves,samuel32@example.net,Comercial
PRJ-0008,Projeto Strategize Real-Time Partnerships,G009,João Vitor Barros,guilhermegarcia@example.com,Operações
PRJ-0009,Projeto Architect Turn-Key E-Tailers,G008,Yuri da Rocha,matheus10@example.net,Tecnologia da Informação
PRJ-0010,Projeto Visualize Rich Interfaces,G001,Brenda Alves,samuel32@example.net,Comercial
PRJ-0011,Projeto Matrix Ubiquitous Eyeballs,G003,Igor Montenegro,novaismiguel@example.net,Operações
PRJ-0012,Projeto Morph Global Action-Items,G006,LUCCA CALDEIRA,garciagael@example.com,Recursos Humanos
PRJ-0013,Projeto Extend Back-End Applications,G006,lucca caldeira,garciagael@example.com,Recursos Humanos
PRJ-0014,Projeto Brand Wireless Relationships,G002,Yago Borges,bandrade@example.org,Tecnologia da Informação
PRJ-0015,Projeto Enhance Global Mindshare,G006,Lucca Caldeira,garciagael@example.com,Recursos Humanos
PRJ-0016,Projeto Synthesize E-Business Markets,G001,Brenda Alves,samuel32@example.net,Comercial
PRJ-0017,Projeto Cultivate One-To-One Eyeballs,G009,joão vitor barros,guilhermegarcia@example.com,Operações
PRJ-0018,Projeto Whiteboard Granular Methodologies,G002,Yago Borges,bandrade@example.org,Tecnologia da Informação
PRJ-0019,Projeto Brand Innovative Architectures,G010,Maria Clara Castro,daniela34@example.net,Financeiro
PRJ-0020,Projeto Synergize Plug-And-Play Deliverables,G006,Lucca Caldeira,garciagael@example.com,Recursos Humanos
PRJ-0021,Projeto Morph Value-Added Methodologies,G002,YAGO BORGES,bandrade@example.org,Tecnologia da Informação
PRJ-0022,Projeto Drive One-To-One Methodologies,G005,Emanuel Sampaio,rfernandes@example.org,Marketing
PRJ-0023,Projeto Matrix Real-Time Experiences,G004,Ísis Leão,manuelapastor@example.com,Financeiro
PRJ-0024,Projeto Facilitate One-To-One Technologies,G007,  Dr. Augusto Siqueira  ,hnascimento@example.com,Comercial
PRJ-0025,Projeto Brand Granular Bandwidth,G006,lucca caldeira,garciagael@example.com,Recursos Humanos
PRJ-0026,Projeto Implement Back-End Mindshare,G004,Ísis Leão,manuelapastor@example.com,Financeiro
PRJ-0027,Projeto Engineer Virtual Mindshare,G002,Yago Borges,bandrade@example.org,Tecnologia da Informação
PRJ-0028,Projeto Redefine Sticky Functionalities,G003,Igor Montenegro,novaismiguel@example.net,Operações
PRJ-0029,Projeto Monetize 24/365 Eyeballs,G004,ísis leão,manuelapastor@example.com,Financeiro
PRJ-0030,Projeto Disintermediate Granular Users,G005,Emanuel Sampaio,rfernandes@example.org,Marketing
PRJ-0031,Projeto Revolutionize Clicks-And-Mortar Metrics,G009,joão vitor barros,guilhermegarcia@example.com,Operações
PRJ-0032,Projeto Harness Holistic Web-Readiness,G001,BRENDA ALVES,samuel32@example.net,Comercial
PRJ-0033,Projeto Embrace Bricks-And-Clicks Content,G006,Lucca Caldeira,garciagael@example.com,Recursos Humanos
PRJ-0034,Projeto Incentivize Leading-Edge Action-Items,G002,  Yago Borges  ,bandrade@example.org,Tecnologia da Informação
PRJ-0035,Projeto Matrix Strategic Infrastructures,G006,lucca caldeira,garciagael@example.com,Recursos Humanos
PRJ-0036,Projeto Drive Holistic Partnerships,G007,Dr. Augusto Siqueira,hnascimento@example.com,Comercial
PRJ-0037,Projeto Engineer End-To-End Channels,G008,YURI DA ROCHA,matheus10@example.net,Tecnologia da Informação
PRJ-0038,Projeto Repurpose Collaborative Schemas,G004,Ísis Leão,manuelapastor@example.com,Financeiro
PRJ-0039,Projeto Leverage Back-End Deliverables,G009,  João Vitor Barros  ,guilhermegarcia@example.com,Operações
PRJ-0040,Projeto Cultivate Cutting-Edge E-Tailers,G007,Dr. Augusto Siqueira,hnascimento@example.com,Comercial
PRJ-0041,Projeto Re-Contextualize 24/365 Content,G007,Dr. Augusto Siqueira,hnascimento@example.com,Comercial
PRJ-0042,Projeto Strategize Out-Of-The-Box Systems,G003,Igor Montenegro,novaismiguel@example.net,Operações
PRJ-0037,Projeto Engineer End-To-End Channels,G008,YURI DA ROCHA,matheus10@example.net,Tecnologia da Informação
PRJ-0038,Projeto Repurpose Collaborative Schemas,G004,Ísis Leão,manuelapastor@example.com,Financeiro
PRJ-0039,Projeto Leverage Back-End Deliverables,G009,  João Vitor Barros  ,guilhermegarcia@example.com,Operações
PRJ-0040,Projeto Cultivate Cutting-Edge E-Tailers,G007,Dr. Augusto Siqueira,hnascimento@example.com,Comercial
PRJ-0041,Projeto Re-Contextualize 24/365 Content,G007,Dr. Augusto Siqueira,hnascimento@example.com,Comercial
PRJ-0042,Projeto Strategize Out-Of-The-Box Systems,G003,Igor Montenegro,novaismiguel@example.net,Operações
PRJ-0043,Projeto Productize Customized Initiatives,G002,Yago Borges,bandrade@example.org,Tecnologia da Informação
PRJ-0044,Projeto Incentivize Magnetic Partnerships,G002,YAGO BORGES,bandrade@example.org,Tecnologia da Informação
PRJ-0045,Projeto Facilitate Vertical Applications,G007,Dr. Augusto Siqueira,hnascimento@example.com,Comercial
PRJ-0046,Projeto Engage Bleeding-Edge Applications,G007,Dr. Augusto Siqueira,hnascimento@example.com,Comercial
PRJ-0047,Projeto Enhance Clicks-And-Mortar Partnerships,G008,Yuri da Rocha,matheus10@example.net,Tecnologia da Informação
PRJ-0048,Projeto Unleash Leading-Edge E-Services,G009,João Vitor Barros,guilhermegarcia@example.com,Operações
PRJ-0049,Projeto Optimize Robust Supply-Chains,G001,Brenda Alves,samuel32@example.net,Comercial
PRJ-0050,Projeto Optimize Web-Enabled Niches,G002,Yago Borges,bandrade@example.org,Tecnologia da Informação
PRJ-0051,Projeto Repurpose Holistic E-Tailers,G009,João Vitor Barros,guilhermegarcia@example.com,Operações
PRJ-0052,Projeto Incubate End-To-End Networks,G006,lucca caldeira,garciagael@example.com,Recursos Humanos
PRJ-0053,Projeto Maximize Collaborative Action-Items,G003,Igor Montenegro,novaismiguel@example.net,Operações
PRJ-0054,Projeto Generate Collaborative E-Markets,G005,Emanuel Sampaio,rfernandes@example.org,Marketing
PRJ-0055,Projeto Aggregate Mission-Critical Platforms,G003,Igor Montenegro,novaismiguel@example.net,Operações
PRJ-0056,Projeto Repurpose User-Centric Convergence,G002,Yago Borges,bandrade@example.org,Tecnologia da Informação
PRJ-0057,Projeto Brand Transparent Bandwidth,G005,Emanuel Sampaio,rfernandes@example.org,Marketing
PRJ-0058,Projeto Cultivate Scalable Methodologies,G009,João Vitor Barros,guilhermegarcia@example.com,Operações
PRJ-0059,Projeto Visualize Mission-Critical Markets,G003,Igor Montenegro,novaismiguel@example.net,Operações
PRJ-0060,Projeto Strategize Cross-Platform Platforms,G003,Igor Montenegro,novaismiguel@example.net,Operações
PRJ-0050,Projeto Optimize Web-Enabled Niches,G002,Yago Borges,bandrade@example.org,Tecnologia da Informação
